win_id,day,win_idx,t_start,t_end,n_events,happiness,sadness,anger,fear,disgust,surprise
d1_w0,1,0,40196,40247,8,-0.03677831217646599,0.6618422269821167,-0.39272570610046387,0.1808629333972931,-0.4941713213920593,0.07773120701313019
d1_w1,1,1,40220,40269,8,-0.5728390216827393,0.7908027768135071,-0.3339650630950928,-0.11228034645318985,0.07668615877628326,0.34475260972976685
d1_w2,1,2,40253,40294,8,-0.30084890127182007,0.6145724058151245,-0.4571293294429779,0.3358926773071289,-0.4675038754940033,0.3193032741546631
d1_w3,1,3,40268,40330,8,-0.5481356382369995,0.8847051858901978,-0.7142412066459656,0.8692094683647156,-0.21118763089179993,-0.1953549087047577
d1_w4,1,4,40298,40386,8,-0.5677851438522339,1.2582579851150513,-0.6724861860275269,0.7158913612365723,-0.35921165347099304,-0.27329298853874207
d1_w5,1,5,40329,40433,8,0.7214522361755371,0.23714537918567657,-0.9528077244758606,-0.35702913999557495,0.38122838735580444,0.10193941742181778
d1_w6,1,6,40384,40518,8,-0.2970312237739563,1.116459846496582,-0.5597201585769653,0.07790588587522507,0.22065410017967224,-0.4014209806919098
d1_w7,1,7,40442,40575,8,0.035243891179561615,0.5583633184432983,-0.3879566788673401,0.16821910440921783,-0.2718552052974701,-0.0632028803229332
d1_w8,1,8,40515,40610,8,0.12701073288917542,0.7348882555961609,-0.7157924771308899,0.280184805393219,-0.5748116970062256,0.15433916449546814
d1_w9,1,9,40590,40644,8,-0.1462581604719162,0.31423142552375793,-0.24711501598358154,0.11950037628412247,-0.004190397448837757,-0.0014887333381921053
d1_w10,1,10,40614,40680,8,-0.06796485185623169,0.392644464969635,-0.013185200281441212,-0.2705644369125366,0.3216392397880554,-0.2544543743133545
d1_w11,1,11,40645,40719,8,0.7728171944618225,0.26894545555114746,-0.9614471197128296,-0.41856902837753296,0.3895013928413391,0.08487369865179062
d1_w12,1,12,40680,40804,8,0.7169947624206543,0.8216273188591003,-0.8579042553901672,-0.3649843633174896,-0.15626052021980286,-0.08998340368270874
d1_w13,1,13,40718,40898,8,-0.5092760920524597,1.0839248895645142,-0.5126124024391174,0.2973614037036896,-0.049102235585451126,-0.18091636896133423
d1_w14,1,14,40809,40999,8,-0.08204178512096405,0.9409942626953125,-0.7671272158622742,0.21528348326683044,-0.21606115996837616,-0.002462196396663785
d1_w15,1,15,40937,41079,8,-0.4978460371494293,0.41411155462265015,-0.06691233813762665,0.060199785977602005,-0.06329388171434402,0.24227240681648254
d1_w16,1,16,40999,41184,8,-0.6475528478622437,0.4727533757686615,-0.11330731958150864,0.6571353673934937,-0.1646372377872467,-0.1644447147846222
d1_w17,1,17,41089,41328,8,-0.2545410692691803,0.5297315120697021,-0.28907012939453125,-0.03644324466586113,-0.09253863245248795,0.21903809905052185
d1_w18,1,18,41184,41399,8,0.6667196750640869,0.26896175742149353,-0.9501150250434875,-0.3817814886569977,0.4693414270877838,0.07938186824321747
d1_w19,1,19,41358,41430,8,-0.6829031705856323,0.9029532670974731,-0.8461059331893921,0.7881455421447754,-0.19736991822719574,0.1717994213104248
d1_w20,1,20,41401,41491,8,-0.15359680354595184,0.285601407289505,-0.47302064299583435,0.19714727997779846,0.08081153780221939,0.14330896735191345
d1_w21,1,21,41450,41610,8,0.09414208680391312,0.313737154006958,-0.1036004051566124,-0.30257588624954224,-0.12103626877069473,0.13560400903224945
d1_w22,1,22,41496,41670,8,-0.13002821803092957,0.6058670878410339,-0.2787506580352783,-0.04764217138290405,0.06967233866453171,-0.11746730655431747
d1_w23,1,23,41610,41734,8,-0.34864237904548645,0.954807460308075,-0.7428995370864868,0.46575435996055603,-0.29874467849731445,0.08576170355081558
d1_w24,1,24,41670,41813,8,-0.4634668231010437,1.2444427013397217,-0.8346908688545227,0.8744884729385376,-0.4976634979248047,-0.2524472177028656
d1_w25,1,25,41734,41869,8,-0.24892838299274445,0.6710359454154968,-0.30181723833084106,0.12692341208457947,-0.06219523027539253,-0.11326359212398529
d1_w26,1,26,41816,41929,8,-0.3383657932281494,0.9089175462722778,-0.20577354729175568,0.16936764121055603,-0.2036859542131424,-0.22828879952430725
d1_w27,1,27,41865,41980,8,-0.3150436580181122,0.4549662470817566,-0.3418837785720825,-0.017909249290823936,0.04321712628006935,0.29408755898475647
d1_w28,1,28,41931,42036,8,-0.2839125990867615,0.5626038312911987,-0.46180930733680725,0.620031476020813,-0.6777265667915344,0.23450955748558044
d1_w29,1,29,41980,42122,8,0.8083134889602661,0.2449091672897339,-1.0166995525360107,-0.4964194893836975,0.5420464277267456,0.08996657282114029
d1_w30,1,30,42040,42171,8,-0.6011158227920532,0.8683285713195801,-0.7739294767379761,0.6440255641937256,-0.3129270672798157,0.26709362864494324
d1_w31,1,31,42126,42254,8,-0.5641544461250305,1.3305045366287231,-1.0345152616500854,0.5765975713729858,-0.19770951569080353,0.03451893478631973
d1_w32,1,32,42184,42332,8,-0.24455885589122772,0.6240891814231873,-0.29574090242385864,-0.10361609607934952,0.09591355174779892,0.01772497221827507
d1_w33,1,33,42289,42463,8,0.13224610686302185,0.1082395538687706,-0.26962214708328247,-0.19007830321788788,0.25297579169273376,0.006017631385475397
d1_w34,1,34,42363,42636,8,-0.15494439005851746,0.4583466053009033,-0.3199771046638489,-0.1969173401594162,0.40135282278060913,-0.05095939710736275
d1_w35,1,35,42466,42650,8,0.5074512362480164,0.38761845231056213,-0.8607873916625977,-0.3911217153072357,0.4136638641357422,0.0995696634054184
d1_w36,1,36,42600,42686,8,0.16064892709255219,0.4017050266265869,-0.3423895239830017,-0.3312210142612457,0.19234882295131683,0.019551794975996017
d1_w37,1,37,42650,42701,8,-0.11160936206579208,0.011333798989653587,-0.02246309258043766,0.10216286033391953,-0.041117627173662186,0.08261184394359589
d1_w38,1,38,42684,42728,8,-0.049286793917417526,0.592961311340332,-0.5511242151260376,-0.027620848268270493,0.004128552041947842,0.10733647644519806
d1_w39,1,39,42702,42735,8,-0.44456902146339417,0.6308062672615051,-0.7106964588165283,0.365098774433136,-0.11492003500461578,0.3901403546333313
d1_w40,1,40,42713,42750,8,0.13413894176483154,0.16972467303276062,-0.2885054349899292,-0.05580027028918266,0.07437356561422348,0.0055072009563446045
d1_w41,1,41,42735,42777,8,-0.20603561401367188,0.535932183265686,-0.4021572172641754,-0.19031117856502533,0.25331124663352966,0.18203338980674744
d1_w42,1,42,42751,42800,8,0.607075572013855,0.2754020690917969,-0.41598883271217346,-0.3845016360282898,0.027242261916399002,-0.08243987709283829
d1_w43,1,43,42770,42827,8,-0.4394192695617676,0.900216281414032,-0.6460631489753723,0.46184587478637695,-0.22310331463813782,0.0713905394077301
d1_w44,1,44,42801,42850,8,-0.618667721748352,0.9029819369316101,-0.5012766122817993,0.4208905100822449,-0.21102432906627655,0.13651996850967407
d1_w45,1,45,42828,42860,8,-0.41597142815589905,0.5940812826156616,-0.2173144370317459,0.1650395691394806,-0.15273517370224,0.1002475842833519
d1_w46,1,46,42851,42886,8,-0.2215081751346588,0.9021700024604797,-0.729661762714386,0.4174327254295349,-0.1988198310136795,-0.08453957736492157
d1_w47,1,47,42859,42904,8,0.4792054295539856,0.4160732328891754,-0.9166838526725769,-0.32462722063064575,0.33554166555404663,0.16342829167842865
d1_w48,1,48,42880,42922,8,0.5706627368927002,0.34239673614501953,-0.8608403205871582,-0.413125604391098,0.3658619225025177,0.1384601891040802
d1_w49,1,49,42905,42936,8,-0.5880448818206787,0.4783563017845154,-0.44939249753952026,0.41871610283851624,-0.28308963775634766,0.49624133110046387
d1_w50,1,50,42919,42970,8,0.14940503239631653,0.24209269881248474,-0.42118650674819946,-0.07794807851314545,-0.17750811576843262,0.32388752698898315
d1_w51,1,51,42937,42989,8,-0.04980858042836189,0.802655041217804,-0.5741623640060425,-0.20967698097229004,0.018098248168826103,0.1373106986284256
d1_w52,1,52,42968,43011,8,-0.2207842320203781,0.4979611337184906,-0.12135686725378036,0.06817060708999634,-0.08764280378818512,-0.05164412409067154
d1_w53,1,53,42991,43033,8,0.14498969912528992,0.5437641143798828,-0.3127269148826599,-0.2592509388923645,0.04160453751683235,-0.06980325281620026
d1_w54,1,54,43007,43075,8,-0.0544794425368309,0.6511933207511902,-0.4244828224182129,-0.0062895240262150764,-0.03563035652041435,-0.05187179520726204
d1_w55,1,55,43038,43099,8,-0.07476244121789932,0.23474617302417755,-0.3790145516395569,0.17871789634227753,-0.2345033586025238,0.2934422194957733
d1_w56,1,56,43067,43116,8,-0.4012788236141205,0.11884888261556625,-0.09164842218160629,0.08894018828868866,0.22831733524799347,0.1024576872587204
d1_w57,1,57,43099,43186,8,0.1303960084915161,0.26324352622032166,-0.24077007174491882,-0.19894936680793762,-0.050053976476192474,0.12910214066505432
d1_w58,1,58,43124,43178,8,0.6345938444137573,0.28800228238105774,-0.9064606428146362,-0.42272600531578064,0.43666815757751465,0.11508399248123169
d1_w59,1,59,43151,43194,8,-0.08853860199451447,0.5905159711837769,-0.4767572283744812,0.05608987808227539,-0.005373312626034021,0.0002839505614247173
d1_w60,1,60,43178,43209,8,-0.6214736700057983,0.5813190340995789,-0.5027641654014587,0.5590851306915283,-0.24219588935375214,0.2963184416294098
d1_w61,1,61,43192,43232,8,-0.5113221406936646,1.151067852973938,-0.8337622880935669,0.339092493057251,-0.09930072724819183,0.12703344225883484
d1_w62,1,62,43211,43252,8,-0.12559358775615692,0.18295493721961975,-0.08894398808479309,-0.13444039225578308,-0.04979585111141205,0.2656298279762268
d1_w63,1,63,43230,43266,8,0.14231623709201813,0.44532403349876404,-0.2970319986343384,0.08297891169786453,-0.25011730194091797,-0.1059085875749588
d1_w64,1,64,43249,43296,8,-0.00618363032117486,0.05402408912777901,-0.05956786870956421,0.04198542982339859,0.06596967577934265,-0.0703078955411911
d1_w65,1,65,43268,43318,8,-0.30770307779312134,0.7054522037506104,-0.4352363049983978,0.17138256132602692,0.07775542885065079,-0.08957282453775406
d1_w66,1,66,43295,43366,8,0.16098156571388245,0.1985388547182083,-0.1280149221420288,0.012649205513298512,-0.02892911434173584,-0.2319534569978714
d1_w67,1,67,43319,43387,8,0.6119911670684814,0.3603355586528778,-0.8911973834037781,-0.40017908811569214,0.35216084122657776,0.110867440700531
d1_w68,1,68,43353,43407,8,-0.016994794830679893,0.16021108627319336,-0.2829766571521759,0.2681167721748352,-0.4582664370536804,0.30028271675109863
d1_w69,1,69,43383,43436,8,-0.24943561851978302,0.7570308446884155,-0.5347458720207214,0.2937568724155426,-0.0053892298601567745,-0.1485176682472229
d1_w70,1,70,43402,43460,8,-0.16206344962120056,0.5492993593215942,-0.4129074215888977,-0.028414953500032425,0.1197206974029541,0.04569500684738159
d1_w71,1,71,43430,43475,8,0.6256238222122192,0.3190457820892334,-0.8753750920295715,-0.3700047433376312,0.3980020582675934,0.04326685518026352
d1_w72,1,72,43453,43504,8,-0.5381420850753784,0.8703996539115906,-0.5470646619796753,0.5543566346168518,-0.2466219663619995,0.008577907457947731
d1_w73,1,73,43480,43507,8,0.06327506899833679,0.5656019449234009,-0.5439442992210388,0.04018976166844368,-0.08732548356056213,0.03604312986135483
d1_w74,1,74,43498,43526,8,-0.45532655715942383,0.44590139389038086,-0.5289644002914429,0.2673567533493042,-0.2827724814414978,0.6375951766967773
d1_w75,1,75,43506,43540,8,-0.9534131288528442,0.6897205114364624,-0.5361178517341614,0.9499492645263672,-0.523365318775177,0.4350108206272125
d1_w76,1,76,43529,43562,8,-0.415684312582016,0.6495679020881653,-0.5544013977050781,0.41293835639953613,-0.29202425479888916,0.2707301080226898
d1_w77,1,77,43540,43586,8,0.0984664037823677,0.292390912771225,-0.11585085093975067,-0.40017518401145935,0.2300575077533722,-0.010787534527480602
d1_w78,1,78,43566,43605,8,0.47543129324913025,0.31795409321784973,-0.7852211594581604,-0.3567470610141754,0.42807236313819885,0.06330465525388718
d1_w79,1,79,43587,43618,8,-0.17594841122627258,0.5492044687271118,-0.38538363575935364,0.014607185497879982,-0.07728482037782669,0.1665603220462799
d1_w80,1,80,43599,43663,8,0.03425266593694687,0.9021682739257812,-0.4789822995662689,-0.16835209727287292,0.09578178822994232,-0.2267870008945465
d1_w81,1,81,43617,43681,8,-0.10552453994750977,0.3565122187137604,0.056132931262254715,-0.15092046558856964,-0.05471009016036987,-0.04585683345794678
d1_w82,1,82,43660,43694,8,-0.825433075428009,0.32680758833885193,0.14537329971790314,0.295963317155838,-0.012600541114807129,0.17589251697063446
d1_w83,1,83,43681,43705,8,0.19914749264717102,0.7625452876091003,-0.1575017124414444,-0.45231133699417114,0.028895463794469833,-0.2944232225418091
d1_w84,1,84,43695,43750,8,-0.14572758972644806,0.3101341426372528,-0.33073553442955017,0.3720441460609436,-0.30886343121528625,0.0995582640171051
d1_w85,1,85,43723,43795,8,0.5182743668556213,0.38180363178253174,-0.9304468035697937,-0.3462282121181488,0.4169655442237854,0.12252996861934662
d1_w86,1,86,43749,43790,8,-0.21705634891986847,0.3341616690158844,-0.2116292417049408,0.07126184552907944,0.2086942493915558,-0.06749345362186432
d1_w87,1,87,43779,43803,8,0.10977156460285187,0.5394260883331299,-0.2885628342628479,-0.14528915286064148,-0.011198289692401886,-0.14207884669303894
d1_w88,1,88,43793,43818,8,-0.5489974021911621,0.6277486681938171,-0.4978907108306885,0.2304670363664627,0.02781042829155922,0.3029562532901764
d1_w89,1,89,43799,43838,8,0.2639923095703125,0.4491424560546875,-0.8028696179389954,-0.25246676802635193,0.18881484866142273,0.20927968621253967
d1_w90,1,90,43821,43856,8,-0.10389592498540878,0.6430226564407349,-0.5463153123855591,0.09204456210136414,-0.022586096078157425,0.023902500048279762
d1_w91,1,91,43835,43868,8,-0.1481572389602661,0.8373618125915527,-0.4740300178527832,0.11991449445486069,-0.16347059607505798,-0.08846966922283173
d1_w92,1,92,43855,43896,8,0.2849074900150299,0.1670982539653778,-0.4569524824619293,-0.0972490906715393,0.25102266669273376,-0.0856117233633995
d1_w93,1,93,43868,43896,8,-0.15442562103271484,0.4911514222621918,-0.22346913814544678,-0.3919535279273987,0.4658719003200531,-0.032328009605407715
d1_w94,1,94,43882,43920,8,-0.04148533195257187,0.585700511932373,-0.3834644854068756,0.08667417615652084,-0.2982025146484375,0.11030848324298859
d1_w95,1,95,43897,43938,8,0.6978865265846252,0.3314947485923767,-0.9584957957267761,-0.40960758924484253,0.420973539352417,0.07481106370687485
d1_w96,1,96,43920,43982,8,0.602385401725769,0.3578944504261017,-0.914530873298645,-0.35692083835601807,0.382887601852417,0.07100125402212143
d1_w97,1,97,43949,44013,8,0.5052835941314697,0.5678638219833374,-0.5896134376525879,-0.24409329891204834,0.053403090685606,-0.24936333298683167
d1_w98,1,98,43980,44041,8,-0.06865265965461731,0.8546428680419922,-0.7326884269714355,0.5091643929481506,-0.41373568773269653,-0.09863115847110748
d1_w99,1,99,44016,44072,8,-0.5860442519187927,0.6959818005561829,-0.31309670209884644,0.47558051347732544,-0.03921818733215332,-0.13532868027687073
d1_w100,1,100,44037,44083,8,0.2370866984128952,0.20105969905853271,-0.4512791633605957,-0.15479621291160583,0.3134576976299286,-0.046148769557476044
d1_w101,1,101,44068,44094,8,0.19837093353271484,0.40603262186050415,-0.43497782945632935,-0.2511861026287079,0.2036726027727127,-0.019620466977357864
d1_w102,1,102,44081,44117,8,-0.008032798767089844,0.4965563416481018,-0.5618980526924133,0.297015517950058,-0.39770179986953735,0.2010946273803711
d1_w103,1,103,44098,44168,8,0.04516778141260147,0.4917108416557312,-0.1574368178844452,-0.021535437554121017,-0.0408642515540123,-0.2698659300804138
d1_w104,1,104,44120,44168,8,-0.07990436255931854,0.6644594073295593,-0.48238125443458557,0.031041568145155907,0.004951613489538431,-0.05186044052243233
d1_w105,1,105,44162,44220,8,0.6535140872001648,0.3094261884689331,-0.9405752420425415,-0.42710748314857483,0.42889195680618286,0.13105987012386322
d1_w106,1,106,44173,44242,8,-0.36916670203208923,0.6284865140914917,-0.6116474270820618,0.472686231136322,0.1261371672153473,-0.14570458233356476
d1_w107,1,107,44219,44260,8,0.08860419690608978,0.689569354057312,-0.5598489046096802,0.2197326123714447,-0.1924670785665512,-0.20458872616291046
d1_w108,1,108,44235,44285,8,-0.04637552425265312,0.20521526038646698,-0.3960811495780945,0.12475643306970596,-0.11699046194553375,0.257232129573822
d1_w109,1,109,44264,44315,8,0.009187793359160423,0.5797573328018188,-0.5502528548240662,0.04845317453145981,-0.31657788157463074,0.3072966933250427
d1_w110,1,110,44286,44330,8,0.0033590018283575773,0.3558291792869568,-0.5057281255722046,0.11562450975179672,-0.16105787456035614,0.2365138977766037
d1_w111,1,111,44308,44342,8,-0.14386671781539917,0.2857847213745117,-0.3781300187110901,0.23769338428974152,0.12293342500925064,-0.07109669595956802
d1_w112,1,112,44323,44355,8,0.44782280921936035,0.3688899576663971,-0.8635745048522949,-0.34622952342033386,0.4424344003200531,0.10931460559368134
d1_w113,1,113,44340,44379,8,-0.2456645518541336,0.3919747769832611,-0.14419801533222198,0.09898315370082855,0.0011611103545874357,-0.03026694618165493
d1_w114,1,114,44362,44405,8,-0.45372524857521057,0.2829399108886719,-0.1278349906206131,0.3656591475009918,-0.2016221284866333,0.19159436225891113
d1_w115,1,115,44378,44413,8,-0.21948614716529846,0.7337028980255127,-0.3995302617549896,0.0038444637320935726,0.04887280613183975,-0.06162602826952934
d1_w116,1,116,44401,44422,8,0.2066650092601776,0.18739727139472961,-0.06671345233917236,-0.20334883034229279,-0.1325410157442093,-0.017686057835817337
d1_w117,1,117,44409,44437,8,-0.04903695732355118,0.8637188076972961,-0.502691388130188,0.12123489379882812,-0.03904477134346962,-0.2903887629508972
d1_w118,1,118,44423,44450,8,-0.42156895995140076,0.5661555528640747,-0.30058273673057556,0.28290408849716187,-0.03254726529121399,-0.00802546739578247
d1_w119,1,119,44435,44457,8,-0.35666796565055847,0.6053584814071655,-0.46708446741104126,0.2880837321281433,-0.19941797852516174,0.19751952588558197
d1_w120,1,120,44448,44472,8,-0.8183390498161316,0.715749204158783,-0.2553904056549072,0.8487800359725952,-0.29688262939453125,-0.14630000293254852
d1_w121,1,121,44455,44482,8,-0.04118948057293892,0.3293316960334778,-0.33972349762916565,-0.13152749836444855,0.13602691888809204,0.1428048461675644
d1_w122,1,122,44473,44488,8,-0.4879952371120453,0.6438501477241516,-0.3658248484134674,-0.11570124328136444,0.30803731083869934,0.20338670909404755
d1_w123,1,123,44476,44499,8,0.6410906910896301,0.2466973513364792,-0.916183590888977,-0.43410539627075195,0.5371122360229492,0.09062011539936066
d1_w124,1,124,44488,44510,8,-0.07398863881826401,1.1495320796966553,-0.379225492477417,-0.20778770744800568,-0.09975384175777435,-0.28361859917640686
d1_w125,1,125,44497,44519,8,-0.4343130588531494,0.07836420089006424,-0.18870213627815247,0.49278584122657776,-0.31374144554138184,0.3646981120109558
d1_w126,1,126,44508,44529,8,0.04517468810081482,0.3602653443813324,-0.1675337851047516,-0.07547489553689957,0.05127518251538277,-0.1378546506166458
d1_w127,1,127,44515,44544,8,0.05717942863702774,1.0626170635223389,-0.3488005995750427,-0.3156830668449402,-0.020774394273757935,-0.2923058569431305
d1_w128,1,128,44527,44570,8,0.6180695295333862,0.31859028339385986,-0.9128049612045288,-0.39304447174072266,0.4131762385368347,0.11174353212118149
d1_w129,1,129,44538,44583,8,0.42673206329345703,0.3035601079463959,-0.3215901851654053,-0.36912110447883606,0.11698140949010849,-0.11673202365636826
d1_w130,1,130,44567,44589,8,0.014858615584671497,0.730193018913269,-0.5323187112808228,0.36456435918807983,-0.47555994987487793,-0.08284229785203934
d1_w131,1,131,44578,44632,8,-0.36999815702438354,0.6123648881912231,-0.42271503806114197,0.2244059145450592,0.1980547457933426,-0.12623487412929535
d1_w132,1,132,44590,44631,8,0.10739467293024063,0.2806496024131775,-0.2525016963481903,-0.14354243874549866,-0.08060131967067719,0.12017767131328583
d1_w133,1,133,44621,44643,8,-0.5002749562263489,1.0512292385101318,-0.5827444195747375,0.27700474858283997,-0.0613245852291584,-0.035220228135585785
d1_w134,1,134,44631,44659,8,0.012124955654144287,0.6369736194610596,-0.3867533802986145,-0.10710486024618149,-0.010747648775577545,-0.062302958220243454
d1_w135,1,135,44640,44687,8,-0.6311761736869812,0.6534438729286194,-0.22264507412910461,0.21956224739551544,0.004906713962554932,0.09161732345819473
d1_w136,1,136,44665,44698,8,-0.3554014265537262,0.4346557557582855,0.2316022366285324,-0.391656756401062,0.2635628581047058,-0.06699564307928085
d1_w137,1,137,44684,44706,8,0.6170397400856018,0.3313325047492981,-0.9170743227005005,-0.3577551245689392,0.44545358419418335,0.03208398446440697
d1_w138,1,138,44698,44719,8,-0.2961140275001526,0.5940151810646057,-0.4880494177341461,0.1868312954902649,-0.2271425724029541,0.31795960664749146
d1_w139,1,139,44706,44761,8,0.010557180270552635,0.9665129780769348,-0.6375487446784973,0.2471279799938202,-0.33065780997276306,-0.18191608786582947
d1_w140,1,140,44720,44767,8,-0.32706218957901,0.6061546802520752,-0.5000041723251343,0.5605116486549377,-0.4873890280723572,0.20547127723693848
d1_w141,1,141,44756,44787,8,0.04438289627432823,0.4239259660243988,-0.4036521911621094,-0.22936686873435974,0.2048390805721283,0.07736202329397202
d1_w142,1,142,44765,44796,8,0.04489868879318237,0.17246952652931213,-0.371122807264328,-0.09985103458166122,0.11294718831777573,0.20412978529930115
d1_w143,1,143,44780,44812,8,-0.06598416715860367,0.6841629147529602,-0.4776715338230133,0.3285394310951233,-0.20997194945812225,-0.2033246010541916
d1_w144,1,144,44792,44814,8,-0.0518394336104393,0.5636091828346252,-0.36902523040771484,0.051527850329875946,-0.01453821174800396,-0.12214384973049164
d1_w145,1,145,44804,44839,8,0.8549574017524719,0.1857210248708725,-0.9432894587516785,-0.5500896573066711,0.5166460871696472,0.08661404997110367
d1_w146,1,146,44814,44839,8,-0.014003383927047253,0.6062148809432983,-0.3420037627220154,0.01955246366560459,-0.3104083836078644,0.07019468396902084
d1_w147,1,147,44826,44851,8,0.18716010451316833,0.48835355043411255,-0.332232803106308,-0.012738674879074097,-0.1457074135541916,-0.1652376353740692
d1_w148,1,148,44841,44862,8,0.05214567109942436,0.6340476274490356,-0.8266884088516235,0.2852402925491333,-0.582383930683136,0.44269299507141113
d1_w149,1,149,44847,44872,8,-0.3888572156429291,1.0499156713485718,-0.5583450794219971,-0.022663256153464317,0.1170053631067276,-0.004183316137641668
d1_w150,1,150,44857,44882,8,0.6328776478767395,0.47025734186172485,-0.7491664886474609,-0.3615034520626068,0.393643856048584,-0.27502572536468506
d1_w151,1,151,44873,44890,8,-0.07697419822216034,0.4875493049621582,-0.899248480796814,0.14106284081935883,-0.509551465511322,0.9307929277420044
d1_w152,1,152,44880,44911,8,0.15088018774986267,0.6442860960960388,-0.3739050328731537,-0.0931934043765068,-0.30794557929039,0.054430216550827026
d1_w153,1,153,44892,44914,8,-0.39640966057777405,0.6641865968704224,-0.28857481479644775,0.25817927718162537,-0.23866407573223114,0.06641916930675507
d1_w154,1,154,44908,44928,8,0.9141672253608704,0.14142951369285583,-1.0245983600616455,-0.5740450620651245,0.6307662725448608,0.07990950345993042
d1_w155,1,155,44914,44938,8,0.5695031881332397,0.17366665601730347,-0.4117308557033539,-0.5285609364509583,0.23456820845603943,-0.016020333394408226
d1_w156,1,156,44928,44949,8,0.022446801885962486,0.42824381589889526,-0.30429044365882874,-0.22585053741931915,0.11074908822774887,0.055657465010881424
d1_w157,1,157,44937,44961,8,-0.19685207307338715,0.914054274559021,-0.5853392481803894,0.2431812286376953,-0.11872577667236328,-0.1491473764181137
d1_w158,1,158,44947,44965,8,-0.275592178106308,0.25060930848121643,0.056338824331760406,-0.033812932670116425,0.18378165364265442,-0.11032086610794067
d1_w159,1,159,44956,44975,8,-0.4664713740348816,1.0674070119857788,-0.7759644389152527,0.48408427834510803,-0.30686014890670776,0.09847301244735718
d1_w160,1,160,44966,44998,8,-0.6182106137275696,0.8983785510063171,-0.5108173489570618,0.495795875787735,-0.3295721411705017,0.17269352078437805
d1_w161,1,161,44979,44998,8,-0.22450986504554749,0.8225253820419312,-0.4859897494316101,0.500515878200531,-0.504881739616394,-0.084347203373909
d1_w162,1,162,44989,45128,8,0.16322949528694153,0.4394081234931946,-0.10139767080545425,-0.3136015236377716,-0.15811976790428162,-0.004138207528740168
d1_w163,1,163,44999,45318,8,-0.498127281665802,0.9566976428031921,-0.7099579572677612,0.6825383901596069,-0.5350761413574219,0.18639878928661346
d1_w164,1,164,45136,45460,8,-0.18189029395580292,0.44419097900390625,-0.2886861562728882,0.11176472902297974,-0.15214768052101135,0.10637541860342026
d1_w165,1,165,45320,45621,8,0.2789930999279022,0.35468539595603943,-0.5268380045890808,-0.18102626502513885,-0.3511522710323334,0.4280860424041748
d1_w166,1,166,45468,45667,8,0.7303128838539124,0.31930264830589294,-0.958422064781189,-0.3951922655105591,0.37262699007987976,0.06406617164611816
d1_w167,1,167,45626,45814,8,0.24375250935554504,0.5728508234024048,-0.5580189824104309,-0.2310221642255783,0.13464106619358063,-0.04808394983410835
d1_w168,1,168,45669,45775,8,0.49389204382896423,0.25833800435066223,-0.18253183364868164,-0.4283020496368408,-0.0892656221985817,-0.053152184933423996
d1_w169,1,169,45705,45846,8,0.13283273577690125,0.4122258722782135,-0.22428026795387268,0.09581788629293442,-0.5465128421783447,0.09789048880338669
d1_w170,1,170,45778,45866,8,-0.21095499396324158,1.0075894594192505,-0.3493446707725525,0.12956246733665466,-0.25393766164779663,-0.2230389565229416
d1_w171,1,171,45826,45894,8,-0.6484383344650269,0.8622850179672241,-0.7636311650276184,0.8984133005142212,-0.3121490776538849,0.041575394570827484
d1_w172,1,172,45866,45944,8,-0.11070378869771957,0.5800034403800964,-0.23768877983093262,-0.02430475875735283,-0.048864804208278656,-0.08954309672117233
d1_w173,1,173,45891,46105,8,0.7360501885414124,0.29628127813339233,-0.9745170474052429,-0.4211292266845703,0.4423346519470215,0.06524764001369476
d1_w174,1,174,45947,46039,8,-0.5795947909355164,0.8529201745986938,-0.07192063331604004,0.09873978793621063,0.022383883595466614,-0.2031439244747162
d1_w175,1,175,45978,46101,8,0.1836864948272705,0.5473428964614868,-0.551633358001709,-0.2077973634004593,0.15165665745735168,0.0008211135864257812
d1_w176,1,176,46042,46142,8,0.2664274275302887,0.48171311616897583,-0.21763145923614502,0.16635198891162872,-0.3783296048641205,-0.35915565490722656
d1_w177,1,177,46103,46184,8,0.5681317448616028,0.7340606451034546,-0.6839190721511841,-0.3880077004432678,-0.2628423273563385,0.07198949158191681
d1_w178,1,178,46132,46229,8,0.21738854050636292,0.4087253510951996,-0.21917171776294708,-0.3261275589466095,-0.04918505251407623,0.03911465406417847
d1_w179,1,179,46188,46255,8,-0.41542568802833557,0.7703454494476318,-0.4785210192203522,0.18218639492988586,-0.2197849303483963,0.28525692224502563
d1_w180,1,180,46229,46377,8,-0.49627479910850525,0.7470399141311646,-0.34942543506622314,0.5136833786964417,-0.28357499837875366,-0.055529963225126266
d1_w181,1,181,46251,46326,8,0.008146131411194801,0.8202694058418274,-0.693813681602478,0.2905072867870331,-0.6371918320655823,0.23045027256011963
d1_w182,1,182,46290,46376,8,0.5942026376724243,0.36621618270874023,-0.8915042877197266,-0.4065297245979309,0.4342876970767975,0.0534127876162529
d1_w183,1,183,46326,46396,8,0.7026780843734741,0.28211870789527893,-0.9144670367240906,-0.40026846528053284,0.40470996499061584,0.06170950457453728
d1_w184,1,184,46380,46457,8,0.6637930274009705,0.36715084314346313,-0.9459632635116577,-0.433305561542511,0.37764784693717957,0.11656522750854492
d1_w185,1,185,46397,46482,8,-0.1081438809633255,0.5556467175483704,-0.5022914409637451,0.009665814228355885,-0.2810799479484558,0.3796762526035309
d1_w186,1,186,46455,46533,8,-0.5417865514755249,0.9589886665344238,-0.8802582025527954,0.8340359926223755,-0.28585687279701233,0.018569957464933395
d1_w187,1,187,46480,46551,8,-0.5514664649963379,0.8346373438835144,-0.6495473980903625,0.4130997061729431,-0.05676070600748062,0.16378626227378845
d1_w188,1,188,46529,46580,8,0.3006686270236969,0.6759665012359619,-0.617012619972229,0.09507119655609131,-0.2864086329936981,-0.14741316437721252
d1_w189,1,189,46551,46629,8,0.17153377830982208,0.5841703414916992,-0.2533946931362152,0.040904704481363297,-0.40202945470809937,-0.13977137207984924
d1_w190,1,190,46581,46673,8,0.10157895088195801,0.4639582633972168,-0.46640896797180176,-0.17138230800628662,0.20434725284576416,-0.009458052925765514
d1_w191,1,191,46630,46719,8,-0.7610830068588257,0.9447709918022156,-0.41359758377075195,0.5572680234909058,-0.05572821944952011,-0.12284549325704575
d1_w192,1,192,46675,46775,8,0.2168714553117752,0.17045477032661438,-0.17470434308052063,-0.3022736608982086,0.02922416850924492,0.09394403547048569
d1_w193,1,193,46726,46798,8,-0.167282834649086,0.33304280042648315,-0.04529149457812309,-0.10078831017017365,0.08504057675600052,-0.039159905165433884
d1_w194,1,194,46772,46875,8,-0.7970635294914246,0.5028408765792847,-0.3581332564353943,0.7672867774963379,-0.3848555386066437,0.3381797671318054
d1_w195,1,195,46788,46943,8,0.003268325235694647,0.02180194854736328,0.31489771604537964,-0.20198512077331543,0.04926973581314087,-0.1991467922925949
d1_w196,1,196,46880,47045,8,-0.04504159092903137,0.44190025329589844,-0.26079413294792175,-0.024907449260354042,-0.04742617905139923,-0.0016512752044945955
d1_w197,1,197,46948,47169,8,-0.18055269122123718,0.3262135982513428,-0.18825945258140564,0.21707665920257568,-0.012438340112566948,-0.13334745168685913
d1_w198,1,198,47046,47311,8,-0.4410780966281891,1.340281367301941,-0.1743369996547699,0.04846956580877304,0.029472123831510544,-0.6488101482391357
d1_w199,1,199,47170,47507,8,0.7567874193191528,0.34748679399490356,-1.001446008682251,-0.3791188597679138,0.39301156997680664,0.02112393081188202
d1_w200,1,200,47322,47678,8,0.7188429236412048,0.3397844433784485,-1.017417311668396,-0.3618418574333191,0.38345932960510254,0.07393455505371094
d1_w201,1,201,47504,47870,8,0.3051651120185852,0.5388449430465698,-0.26397332549095154,-0.1470927894115448,-0.35731953382492065,-0.03963655233383179
d1_w202,1,202,47679,48008,8,-0.403510183095932,0.8251490592956543,-0.4565075933933258,0.19558943808078766,-0.13409921526908875,0.09551765769720078
d1_w203,1,203,47870,48027,8,-0.17385204136371613,0.48098403215408325,-0.5736517310142517,0.47078031301498413,-0.5485178232192993,0.3495400846004486
d1_w204,1,204,48001,48062,8,-0.1406746506690979,0.8706425428390503,-0.37595152854919434,0.1029936820268631,-0.1333535760641098,-0.2345229685306549
d1_w205,1,205,48027,48088,8,0.46074748039245605,0.6743043661117554,-0.803509533405304,-0.08324170112609863,-0.42458534240722656,0.18537043035030365
d1_w206,1,206,48063,48111,8,-0.44629889726638794,0.6847652196884155,-0.2577176094055176,0.048691101372241974,0.08516503870487213,0.01747899129986763
d1_w207,1,207,48080,48132,8,-0.4375012516975403,0.6237251162528992,-0.2210870236158371,0.1570402830839157,-0.23712825775146484,0.1804821491241455
d1_w208,1,208,48112,48154,8,-0.09503503888845444,0.7223145365715027,-0.3221403956413269,-0.05882301181554794,0.0117434561252594,-0.12811385095119476
d1_w209,1,209,48126,48178,8,-0.20654186606407166,0.9123952984809875,-0.5436708331108093,0.3561848998069763,-0.2926389276981354,-0.16817469894886017
d1_w210,1,210,48153,48216,8,0.2566773295402527,0.6046831011772156,-0.43153733015060425,-0.12457923591136932,-0.263967365026474,-0.007721436209976673
d1_w211,1,211,48176,48290,8,0.11489377170801163,0.5205859541893005,-0.4168911576271057,-0.17620548605918884,0.1265067756175995,-0.06851440668106079
d1_w212,1,212,48222,48307,8,0.890598475933075,0.2123142033815384,-0.9870293736457825,-0.5102012753486633,0.435311496257782,0.09090270102024078
d1_w213,1,213,48247,48312,8,-0.1363612562417984,0.21941900253295898,-0.46209844946861267,0.15407750010490417,-0.13846290111541748,0.4020037055015564
d1_w214,1,214,48296,48346,8,-0.13001790642738342,0.19579634070396423,-0.05041598156094551,-0.027526790276169777,0.19450655579566956,-0.15726611018180847
d1_w215,1,215,48318,48368,8,0.13797405362129211,0.9553154706954956,-0.8381492495536804,-0.025902125984430313,0.07300689071416855,-0.16690371930599213
d1_w216,1,216,48349,48391,8,-0.6061498522758484,0.48920121788978577,-0.47936302423477173,0.5095213651657104,-0.18736480176448822,0.35830265283584595
d1_w217,1,217,48368,48433,8,-0.28110557794570923,1.4984819889068604,-1.1025773286819458,0.5628687739372253,-0.5706132054328918,-0.018199419602751732
d1_w218,1,218,48394,48484,8,-0.5172129273414612,0.8409031629562378,-0.4950670301914215,0.30329975485801697,-0.12097636610269547,0.0894225686788559
d1_w219,1,219,48414,48468,8,0.23631367087364197,0.4447515606880188,-0.4354408383369446,-0.10511521995067596,-0.01927495002746582,-0.06625927984714508
d1_w220,1,220,48436,48536,8,-0.24946150183677673,0.6649841070175171,-0.486722856760025,0.3702111840248108,-0.09637698531150818,-0.13048067688941956
d1_w221,1,221,48464,48514,8,-0.2905314862728119,0.511613667011261,-0.5278461575508118,0.23177354037761688,-0.15269827842712402,0.31168946623802185
d1_w222,1,222,48485,48577,8,0.15365898609161377,0.4416143298149109,-0.4739353656768799,-0.18758103251457214,0.18322603404521942,0.00016136169142555445
d1_w223,1,223,48509,48571,8,0.6114364266395569,0.3423216938972473,-0.9543575048446655,-0.3701634407043457,0.406642347574234,0.11483551561832428
d1_w224,1,224,48537,48589,8,-0.36519089341163635,0.640471339225769,-0.4563237130641937,0.21278652548789978,-0.07543841749429703,0.15032614767551422
d1_w225,1,225,48571,48599,8,-0.6570754647254944,0.7344136238098145,-0.10203341394662857,0.0634366124868393,0.2998618185520172,-0.16084589064121246
d1_w226,1,226,48583,48661,8,0.09057722985744476,0.5069726705551147,-0.3717401921749115,-0.22834491729736328,0.35047173500061035,-0.2341274917125702
d1_w227,1,227,48600,48715,8,0.5488935708999634,0.45931118726730347,-0.9431061744689941,-0.35497045516967773,0.3666515350341797,0.07834929972887039
d1_w228,1,228,48657,48757,8,-0.036859333515167236,1.0370217561721802,-0.9104346036911011,0.23232248425483704,-0.1895253211259842,-0.0181502103805542
d1_w229,1,229,48716,48803,8,-0.6154295802116394,0.4579918384552002,-0.03068099357187748,0.011418426409363747,0.19478380680084229,0.12913891673088074
d1_w230,1,230,48761,48853,8,-0.6540597677230835,0.7164918184280396,-0.4344925880432129,0.46352487802505493,0.03168075531721115,0.012957644648849964
d1_w231,1,231,48805,48895,8,-0.6498231887817383,0.966030478477478,-0.7039443850517273,0.4815148711204529,-0.3535845875740051,0.3741911053657532
d1_w232,1,232,48857,48964,8,-0.2543836236000061,0.5333917737007141,-0.31788817048072815,0.19923782348632812,-0.3042318522930145,0.21840527653694153
d1_w233,1,233,48897,49017,8,-0.1917448341846466,0.4267774522304535,-0.4236000180244446,0.4214329719543457,-0.3267849385738373,0.12190194427967072
d1_w234,1,234,48961,49093,8,-0.5317476987838745,0.7278577089309692,-0.19529177248477936,0.009763723239302635,0.14079740643501282,-0.0020408511627465487
d1_w235,1,235,49025,49159,8,-0.18932533264160156,0.2552511692047119,-0.025407442823052406,-0.20460303127765656,0.4758264422416687,-0.22316579520702362
d1_w236,1,236,49096,49256,8,0.5950312614440918,0.35428565740585327,-0.9442259073257446,-0.3959549367427826,0.48402509093284607,0.07206849753856659
d1_w237,1,237,49171,49330,8,-0.2623070776462555,0.424084335565567,-0.47643738985061646,0.2518360912799835,-0.035608209669589996,0.21023699641227722
d1_w238,1,238,49258,49400,8,-0.11475574970245361,0.8591243028640747,-0.6628295183181763,0.1055014580488205,0.17631587386131287,-0.23848609626293182
d1_w239,1,239,49328,49448,8,0.033148035407066345,0.05384176969528198,0.21464720368385315,-0.16695500910282135,0.24399586021900177,-0.3522168695926666
d1_w240,1,240,49406,49484,8,0.15299269556999207,0.2935265004634857,-0.5129075646400452,-0.05515723302960396,0.29652395844459534,-0.06776920706033707
d1_w241,1,241,49451,49682,8,0.5859287977218628,0.38757219910621643,-0.9476226568222046,-0.36361780762672424,0.40684738755226135,0.08843378722667694
d1_w242,1,242,49484,49792,8,0.23770681023597717,0.8820660710334778,-0.8126170039176941,0.14638160169124603,-0.22507934272289276,-0.1550401747226715
d1_w243,1,243,49686,49922,8,-0.15066653490066528,0.9070366621017456,-0.8775248527526855,0.5975071787834167,-0.4703875184059143,0.045304469764232635
d1_w244,1,244,49792,50024,8,-0.4539465010166168,0.3747585415840149,-0.03205291926860809,0.23656480014324188,-0.23898251354694366,0.19028563797473907
d1_w245,1,245,49924,50168,8,0.10486723482608795,0.2291627824306488,-0.31084340810775757,-0.11838217079639435,-0.027543341740965843,0.15990641713142395
d1_w246,1,246,50017,50285,8,-0.29794424772262573,0.7588405013084412,-0.45948657393455505,0.46960553526878357,-0.2825353145599365,-0.12211642414331436
d1_w247,1,247,50178,50341,8,-0.4471275210380554,0.9459437131881714,-0.6729668974876404,0.22406354546546936,0.007813996635377407,0.07821021229028702
d1_w248,1,248,50296,50399,8,-0.24640686810016632,0.7930522561073303,-0.5236808657646179,0.3866007328033447,-0.16276726126670837,-0.1459406465291977
d1_w249,1,249,50344,50521,8,-0.35612601041793823,0.5955680012702942,-0.14786267280578613,0.2267903834581375,-0.18827007710933685,-0.07653598487377167
d1_w250,1,250,50400,50587,8,0.6275902986526489,0.3412300646305084,-0.9240773320198059,-0.36303794384002686,0.38832440972328186,0.080408975481987
d1_w251,1,251,50521,50667,8,0.2826891839504242,0.738896906375885,-0.21829566359519958,-0.3734854459762573,0.23336386680603027,-0.5532354712486267
d1_w252,1,252,50588,50747,8,0.5925463438034058,0.4659461975097656,-0.9795016050338745,-0.3430476188659668,0.36217719316482544,0.06265676021575928
d1_w253,1,253,50670,50850,8,-0.5689769983291626,1.1112265586853027,-0.6584453582763672,0.605559229850769,-0.18291887640953064,-0.18038877844810486
d1_w254,1,254,50752,50911,8,0.05026910826563835,0.4580029845237732,-0.2973569929599762,0.05808921903371811,-0.29786938428878784,0.05153945833444595
d1_w255,1,255,50850,51004,8,-0.5602983832359314,0.7161738276481628,-0.7311514616012573,0.7594319581985474,-0.2557336390018463,0.15556010603904724
d1_w256,1,256,50909,51018,8,-0.6017497777938843,1.0251452922821045,-0.6046209931373596,0.6071301102638245,-0.07478808611631393,-0.21609611809253693
d1_w257,1,257,51002,51032,8,-0.35240796208381653,0.3158913552761078,-0.18820199370384216,0.46734803915023804,-0.08947144448757172,-0.11860702186822891
d1_w258,1,258,51015,51057,8,-0.10064166784286499,0.5275115966796875,-0.5403541922569275,0.03064252808690071,-0.12977394461631775,0.2743662893772125
d1_w259,1,259,51029,51096,8,-0.555117130279541,0.8744231462478638,-0.3224300742149353,0.30673909187316895,-0.12067969888448715,-0.09272810816764832
d1_w260,1,260,51058,51114,8,-0.29384708404541016,0.7697181105613708,-0.42939844727516174,0.18183021247386932,-0.18106214702129364,0.04033689573407173
d1_w261,1,261,51094,51133,8,0.21867060661315918,0.40377822518348694,-0.42677125334739685,-0.328332781791687,0.18230977654457092,0.0641733780503273
d1_w262,1,262,51115,51166,8,0.557452380657196,0.4329443573951721,-0.9503024220466614,-0.35138699412345886,0.39830371737480164,0.07226163148880005
d1_w263,1,263,51130,51201,8,0.5473635196685791,0.8361943364143372,-0.7658986449241638,-0.1443147361278534,-0.3357568681240082,-0.09525905549526215
d1_w264,1,264,51152,51210,8,-0.1679428368806839,0.6651646494865417,-0.4354955554008484,-0.023944688960909843,-0.19059208035469055,0.24149958789348602
d1_w265,1,265,51174,51253,8,-0.06658163666725159,0.7156214118003845,-0.5176154375076294,0.016766319051384926,-0.024321174249053,-0.028344815596938133
d1_w266,1,266,51213,51259,8,0.648668646812439,0.32022714614868164,-0.9303410649299622,-0.34364184737205505,0.389079213142395,0.060628123581409454
d1_w267,1,267,51242,51300,8,-0.11158736050128937,0.6037819981575012,-0.38715800642967224,0.2973262071609497,-0.06091852858662605,-0.2737100422382355
d1_w268,1,268,51256,51350,8,-0.1601312756538391,0.1890658438205719,-0.10730449855327606,0.1298789232969284,0.4742056727409363,-0.4118046760559082
d1_w269,1,269,51293,51421,8,-0.36348220705986023,0.9710481762886047,-0.7178082466125488,0.906917929649353,-0.5360601544380188,-0.24156999588012695
d1_w270,1,270,51355,51429,8,-0.3069421648979187,0.5012143850326538,-0.25109872221946716,0.26661089062690735,-0.13022319972515106,-0.021674204617738724
d1_w271,1,271,51381,51437,8,0.21849007904529572,0.4514896273612976,-0.48169946670532227,-0.27887386083602905,0.19363747537136078,0.01153641939163208
d1_w272,1,272,51420,51456,8,-0.1320115625858307,0.5826069116592407,-0.18702749907970428,0.10325624793767929,-0.10444869101047516,-0.21859221160411835
d1_w273,1,273,51434,51468,8,0.627448558807373,0.30118152499198914,-0.947468101978302,-0.3557330369949341,0.43815773725509644,0.08527655154466629
d1_w274,1,274,51448,51485,8,-0.12100009620189667,0.6587353944778442,-0.16038434207439423,-0.2475622445344925,-0.1755545437335968,0.12577281892299652
d1_w275,1,275,51472,51502,8,-0.07857952266931534,0.28597235679626465,-0.17279958724975586,-0.05499429628252983,0.20768491923809052,-0.10131572186946869
d1_w276,1,276,51485,61891,8,-0.6105791330337524,0.599341869354248,-0.5245749354362488,0.5570374131202698,-0.038651760667562485,0.12341706454753876
d1_w277,1,277,61879,61916,8,0.012392866425216198,0.2748364508152008,-0.3769943416118622,0.36430448293685913,-0.2380615919828415,-0.015425145626068115
d1_w278,1,278,61893,61941,8,-0.17035233974456787,0.4562421441078186,-0.27261534333229065,0.25471240282058716,-0.3644505441188812,0.12655383348464966
d1_w279,1,279,61904,61968,8,-0.5042191743850708,0.9736886024475098,-0.5310821533203125,0.3636745810508728,0.02584381401538849,-0.16854238510131836
d1_w280,1,280,61942,61984,8,0.1621597409248352,1.0597732067108154,-0.8354976773262024,0.14170002937316895,-0.31910935044288635,-0.13372580707073212
d1_w281,1,281,61969,62004,8,-0.18035873770713806,0.8894820213317871,-0.47254738211631775,0.23241372406482697,-0.15987832844257355,-0.2355138510465622
d1_w282,1,282,61985,62052,8,-0.3271952271461487,0.3234919309616089,-0.25940990447998047,0.061339229345321655,-0.01822011172771454,0.30719223618507385
d1_w283,1,283,62004,62054,8,0.2617926001548767,0.46513476967811584,-0.5285447239875793,-0.2262277603149414,0.07435306161642075,0.05382271483540535
d1_w284,1,284,62031,62068,8,0.8470745086669922,0.18184411525726318,-0.9611256718635559,-0.46219977736473083,0.47588109970092773,0.05602915212512016
d1_w285,1,285,62052,62112,8,-0.2949655055999756,0.6236909627914429,-0.39437514543533325,0.37300896644592285,-0.13119949400424957,-0.1155586689710617
d1_w286,1,286,62066,62144,8,0.07386080175638199,0.13623778522014618,-0.03462696820497513,-0.1676122099161148,-0.03484511747956276,0.04663694649934769
d1_w287,1,287,62089,62159,8,0.7672733068466187,0.267777681350708,-0.9585405588150024,-0.42492836713790894,0.4037778377532959,0.08286966383457184
d1_w288,1,288,62130,62168,8,-0.4037107825279236,0.9194103479385376,-0.8898530006408691,0.6265710592269897,-0.3639940917491913,0.20101861655712128
d1_w289,1,289,62156,62230,8,-0.35772275924682617,0.9129646420478821,-0.749323844909668,0.5856104493141174,-0.3381720781326294,0.02637791633605957
d1_w290,1,290,62169,62238,8,-0.4699220657348633,0.8642630577087402,-0.5754638314247131,0.1512623131275177,-0.24301238358020782,0.43392667174339294
d1_w291,1,291,62226,62276,8,-0.5441923141479492,0.3870968520641327,-0.07347075641155243,0.23481273651123047,-0.15359298884868622,0.21099157631397247
d1_w292,1,292,62236,62310,8,0.6211128234863281,0.38201120495796204,-0.9238157272338867,-0.36526983976364136,0.3988320231437683,0.03926016762852669
d1_w293,1,293,62276,62340,8,-0.09033159911632538,0.20936158299446106,-0.2909986078739166,0.1177869588136673,-0.060869473963975906,0.1516963243484497
d1_w294,1,294,62310,62379,8,-0.05935460329055786,0.6222106218338013,-0.36023086309432983,-0.03394664078950882,-0.040836483240127563,-0.05228609964251518
d1_w295,1,295,62340,62398,8,0.7743012309074402,0.8424453735351562,-0.7713387608528137,0.12380741536617279,-0.5077711343765259,-0.49345237016677856
d1_w296,1,296,62366,62413,8,-0.3229491114616394,-0.03755924105644226,-0.18979869782924652,0.0661759003996849,0.34295111894607544,0.2312922477722168
d1_w297,1,297,62390,62448,8,0.7243493795394897,0.25800302624702454,-0.9899390935897827,-0.38891348242759705,0.408424437046051,0.13418236374855042
d1_w298,1,298,62408,62460,8,-0.043601322919130325,0.6069901585578918,-0.4529862403869629,0.01724414899945259,-0.023532165214419365,-0.02660181000828743
d1_w299,1,299,62438,62486,8,0.37236452102661133,0.1171959787607193,-0.2261609137058258,-0.2988203465938568,-0.0885152667760849,0.13503487408161163
d1_w300,1,300,62462,62494,8,-0.1353062242269516,0.5197819471359253,0.059142373502254486,-0.3716607093811035,0.3880104124546051,-0.3125295341014862
d1_w301,1,301,62477,62508,8,-0.3870266079902649,0.43612438440322876,-0.14386656880378723,0.007336954586207867,0.19478367269039154,0.00026628971681930125
d1_w302,1,302,62495,62520,8,-0.647479236125946,0.5526242852210999,-0.5536878705024719,0.6162171363830566,-0.3982039988040924,0.5054718852043152
d1_w303,1,303,62500,62540,8,-0.1092766746878624,0.17925497889518738,-0.5732765197753906,0.26815906167030334,0.337310254573822,-0.020702403038740158
d1_w304,1,304,62510,62572,8,-0.13330411911010742,0.3616374135017395,-0.3773103356361389,-0.09838546812534332,0.20277521014213562,0.15121950209140778
d1_w305,1,305,62541,62590,8,-0.3879755139350891,0.4515190124511719,-0.39456039667129517,0.46918410062789917,-0.26842179894447327,0.14688387513160706
d1_w306,1,306,62569,62626,8,-0.13436397910118103,0.41000431776046753,-0.24114270508289337,0.007196146063506603,0.08281494677066803,-0.05926550552248955
d1_w307,1,307,62579,62640,8,-0.5119902491569519,0.7545793056488037,-0.6467822194099426,0.7390028238296509,-0.24910560250282288,0.00853421725332737
d1_w308,1,308,62615,62671,8,0.7407416105270386,0.3292139172554016,-0.9122493863105774,-0.4869597852230072,0.4158838391304016,0.0668109580874443
d1_w309,1,309,62636,62700,8,0.1179325208067894,0.3352494537830353,-0.3535742461681366,-0.23030595481395721,0.16920506954193115,0.06459321081638336
d1_w310,1,310,62676,62715,8,0.09062744677066803,0.2300577461719513,-0.21925584971904755,-0.3107299506664276,0.17225107550621033,0.0920906513929367
d1_w311,1,311,62695,62750,8,-0.1169338971376419,0.8025995492935181,-0.6385098695755005,0.28574028611183167,-0.3574032485485077,0.08305177092552185
d1_w312,1,312,62717,62806,8,-0.2862870991230011,0.874965488910675,-0.4412976801395416,0.12291578203439713,-0.0853404849767685,-0.0909833163022995
d1_w313,1,313,62752,62817,8,0.6316502690315247,0.325306236743927,-0.9248776435852051,-0.3742171823978424,0.3872978687286377,0.10567118972539902
d1_w314,1,314,62780,62846,8,-0.13725686073303223,0.5355090498924255,-0.4896605610847473,0.09714548289775848,0.0018025547033175826,0.07878903299570084
d1_w315,1,315,62808,62863,8,0.36101973056793213,0.18740899860858917,-0.1961972415447235,-0.3378923535346985,0.08135578036308289,-0.11815918982028961
d1_w316,1,316,62839,62888,8,0.13913728296756744,0.43207764625549316,-0.4644797444343567,-0.19759297370910645,0.16515827178955078,0.043278347700834274
d1_w317,1,317,62863,62901,8,-0.06440460681915283,0.5386418700218201,-0.35519134998321533,-0.005845950450748205,-0.199001282453537,0.13549873232841492
d1_w318,1,318,62869,62928,8,-0.3135509490966797,0.36784082651138306,-0.3962879776954651,0.08164189010858536,-0.1595407873392105,0.4566095769405365
d1_w319,1,319,62898,62944,8,0.08594061434268951,0.4105203151702881,-0.43826285004615784,0.01834169402718544,0.05304228514432907,-0.06674157083034515
d1_w320,1,320,62929,62959,8,-0.2044905722141266,0.6219334006309509,-0.5662060976028442,-0.1658584326505661,-0.027929311618208885,0.48080986738204956
d1_w321,1,321,62941,62983,8,-0.3130202293395996,0.027116471901535988,-0.3144501745700836,0.23750261962413788,0.2263391762971878,0.20982268452644348
d1_w322,1,322,62961,63061,8,-0.1865566074848175,0.5155594348907471,-0.41463375091552734,0.01260067243129015,-0.08259497582912445,0.2422478199005127
d1_w323,1,323,62984,63238,8,-0.0654698833823204,0.2440062016248703,-0.32031792402267456,0.136501282453537,0.01234937272965908,0.036226384341716766
d1_w324,1,324,63061,63347,8,-0.10656668245792389,0.7249115705490112,-0.6043204069137573,0.04676786810159683,-0.057488083839416504,0.11129999160766602
d1_w325,1,325,63239,63422,8,0.05959855765104294,0.4103573262691498,-0.46847304701805115,0.10515985637903214,0.012237653136253357,-0.05495452135801315
d1_w326,1,326,63348,63556,8,0.5424726605415344,0.44107547402381897,-0.9664904475212097,-0.3408566117286682,0.354602187871933,0.12708556652069092
d1_w327,1,327,63422,63704,8,0.7965115308761597,0.4889608919620514,-0.4341263771057129,-0.337209016084671,-0.17531584203243256,-0.34395796060562134
d1_w328,1,328,63556,63826,8,-0.15439826250076294,0.7511237859725952,-0.5669379234313965,0.20864157378673553,-0.008209099993109703,-0.13917404413223267
d1_w329,1,329,63704,63982,8,0.19346216320991516,0.4834335446357727,-0.49380308389663696,-0.2102474719285965,0.17307861149311066,-0.03209313005208969
d1_w330,1,330,63826,64136,8,0.5531614422798157,0.3858465850353241,-0.9285286068916321,-0.3629492521286011,0.42134037613868713,0.0935773104429245
d1_w331,1,331,63982,64305,8,0.37277522683143616,0.6847703456878662,-0.6122704148292542,-0.009179663844406605,-0.4268074631690979,0.01422946434468031
d1_w332,1,332,64136,64447,8,0.25017741322517395,0.21784690022468567,-0.3519875705242157,0.053948886692523956,-0.041159942746162415,-0.116726353764534
d1_w333,1,333,64305,64641,8,-0.0726231038570404,0.29001113772392273,-0.2330903708934784,-0.22478437423706055,0.20417478680610657,0.10944224894046783
d1_w334,1,334,64447,64822,8,-0.3077389597892761,0.44936245679855347,-0.04250039905309677,-0.22091560065746307,0.11816444247961044,0.09363562613725662
d1_w335,1,335,64641,64852,8,-0.8514043092727661,0.3245730996131897,-0.12809844315052032,0.5471438765525818,-0.16749489307403564,0.34960049390792847
d1_w336,1,336,64825,64921,8,-0.40937963128089905,0.8655962944030762,-0.47358885407447815,0.23658236861228943,-0.1402600109577179,0.038437653332948685
d1_w337,1,337,64855,64994,8,0.08016286790370941,0.19626927375793457,0.10737619549036026,-0.3849191665649414,0.3443198502063751,-0.2421877384185791
d1_w338,1,338,64927,65157,8,0.10018086433410645,0.4735132157802582,-0.3052523136138916,-0.04851270094513893,0.07102052867412567,-0.22109279036521912
d1_w339,1,339,64999,65226,8,-0.32282525300979614,0.45025530457496643,-0.12196025997400284,-0.04546912759542465,-0.05000723525881767,0.17274942994117737
d1_w340,1,340,65164,65300,8,-0.5114100575447083,0.5777925252914429,0.037767957895994186,0.003224000334739685,0.1724342554807663,-0.14761357009410858
d1_w341,1,341,65228,65378,8,-0.22559913992881775,0.6985388994216919,-0.4876681864261627,0.055478744208812714,-0.1321764439344406,0.19475433230400085
d1_w342,1,342,65302,65431,8,0.1819375455379486,0.4165763854980469,-0.518530011177063,-0.24093842506408691,0.2776539921760559,0.009956920519471169
d1_w343,1,343,65378,65530,8,0.6444908380508423,0.2884264588356018,-0.921434223651886,-0.4167427122592926,0.4918271005153656,0.07201133668422699
d1_w344,1,344,65434,65598,8,0.23828980326652527,0.48693862557411194,-0.5220507979393005,-0.24587324261665344,0.17905397713184357,-0.023731565102934837
d1_w345,1,345,65530,65706,8,-0.5845186114311218,0.4458503723144531,-0.23529024422168732,0.2902448773384094,-0.0215093232691288,0.19963371753692627
d1_w346,1,346,65606,65772,8,-0.052749745547771454,0.7879239320755005,-0.5327847003936768,0.11550573259592056,-0.08325111865997314,-0.14794643223285675
d1_w347,1,347,65728,65875,8,0.33521634340286255,0.5645270347595215,-0.600271463394165,-0.08693419396877289,-0.19195012748241425,0.024021226912736893
d1_w348,1,348,65773,65988,8,0.23092135787010193,0.3412443995475769,-0.4651084840297699,-0.23537452518939972,0.2065196931362152,0.020684832707047462
d1_w349,1,349,65875,66012,8,-0.46852341294288635,0.6398100852966309,-0.46031561493873596,0.23646967113018036,-0.19764548540115356,0.36534109711647034
d1_w350,1,350,65990,66155,8,-0.5341190099716187,0.6222013235092163,-0.6731919050216675,0.8254449963569641,-0.3297254145145416,0.12057186663150787
d1_w351,1,351,66014,66090,8,0.6054392457008362,0.3020084500312805,-0.9120832681655884,-0.3986447751522064,0.45911774039268494,0.1006304994225502
d1_w352,1,352,66055,66128,8,0.0027970909141004086,0.1370162069797516,-0.2545695900917053,0.21020512282848358,-0.21006599068641663,0.11684050410985947
d1_w353,1,353,66090,66148,8,-0.009674379602074623,0.8523473739624023,-0.6771734952926636,0.4155188202857971,-0.41586971282958984,-0.13200092315673828
d1_w354,1,354,66124,66165,8,0.7544752359390259,0.22433610260486603,-0.5181838870048523,-0.47751522064208984,-0.0739038735628128,0.07777975499629974
d1_w355,1,355,66149,66177,8,-0.42755284905433655,1.1274678707122803,-0.644232451915741,0.3256526589393616,-0.18530061841011047,-0.07236957550048828
d1_w356,1,356,66162,66195,8,0.11761734634637833,0.6290176510810852,-0.417147159576416,-0.04816552624106407,-0.20755073428153992,-0.029495442286133766
d1_w357,1,357,66178,66238,8,0.5608459711074829,0.3382834792137146,-0.8239277005195618,-0.3974127769470215,0.4503202438354492,0.02736157551407814
d1_w358,1,358,66200,66330,8,-0.3648647665977478,0.7017189264297485,-0.394741028547287,0.394059956073761,-0.28887394070625305,0.0513962022960186
d1_w359,1,359,66236,66270,8,-0.08165376633405685,0.3379455506801605,-0.3025358319282532,-0.0882912129163742,0.3324635326862335,-0.12524504959583282
d1_w360,1,360,66249,66304,8,0.5264715552330017,0.3972855508327484,-0.9032293558120728,-0.38095563650131226,0.40987738966941833,0.11258848011493683
d1_w361,1,361,66271,66324,8,-0.09798801690340042,0.5321000814437866,-0.39722877740859985,0.19414660334587097,-0.21788683533668518,0.02952413633465767
d1_w362,1,362,66308,66356,8,-0.14442133903503418,-0.10415288060903549,0.5711286067962646,-0.2868002653121948,0.23597557842731476,-0.22143736481666565
d1_w363,1,363,66333,66363,8,-0.4247886538505554,0.3924999237060547,-0.4616265296936035,0.09756415337324142,0.24117836356163025,0.27939313650131226
d1_w364,1,364,66344,66387,8,0.06872323155403137,0.4725082516670227,-0.11140221357345581,-0.45349550247192383,0.23868446052074432,-0.13184231519699097
d1_w365,1,365,66364,66409,8,-0.7749093770980835,0.6306419372558594,-0.21494612097740173,0.3378050923347473,0.1380145400762558,0.04500393941998482
d1_w366,1,366,66388,66472,8,0.16909047961235046,0.9281304478645325,-0.8504834175109863,0.3894635736942291,-0.4676467478275299,-0.13293597102165222
d1_w367,1,367,66411,66457,8,-0.5097476243972778,0.1582885980606079,-0.3843197226524353,0.4856114983558655,0.19459794461727142,0.1454652100801468
d1_w368,1,368,66435,66490,8,-0.033689215779304504,0.27022361755371094,-0.10992367565631866,-0.02585827186703682,-0.06775087118148804,-0.0386674627661705
d1_w369,1,369,66457,66582,8,-0.053608693182468414,0.3772311210632324,-0.4590741991996765,-0.05739792063832283,-0.10752113163471222,0.3601374626159668
d1_w370,1,370,66494,66537,8,0.37016963958740234,1.0899511575698853,-0.7684851884841919,-0.008028012700378895,-0.31739574670791626,-0.30312952399253845
d1_w371,1,371,66497,66581,8,0.19481435418128967,0.17165975272655487,-0.0002933919313363731,-0.19198913872241974,0.12142248451709747,-0.23011155426502228
d1_w372,1,372,66540,66602,8,0.6535266041755676,0.337002158164978,-0.9514631032943726,-0.4501120150089264,0.4448280334472656,0.12405778467655182
d1_w373,1,373,66582,66655,8,-0.06057555601000786,0.25204676389694214,-0.3329992890357971,0.0748194083571434,-0.16036492586135864,0.25872159004211426
d1_w374,1,374,66602,66704,8,-0.6511644124984741,0.8162341117858887,-0.5448081493377686,0.5651748776435852,0.018531102687120438,-0.08033319562673569
d1_w375,1,375,66655,66802,8,0.2059984654188156,0.5875860452651978,-0.6574425101280212,-0.07285714149475098,-0.08176539838314056,0.11152897775173187
d1_w376,1,376,66704,66831,8,0.5788636803627014,0.3048311173915863,-0.8851436376571655,-0.3925526738166809,0.4155302941799164,0.1348716765642166
d1_w377,1,377,66801,66865,8,0.09101846069097519,0.7964509129524231,-0.5128476023674011,0.3572673201560974,-0.33919763565063477,-0.3871081471443176
d1_w378,1,378,66828,66936,8,0.27626481652259827,0.19566386938095093,-0.4673234820365906,-0.12457275390625,0.3102042078971863,-0.10005279630422592
d1_w379,1,379,66866,66999,8,-0.47585931420326233,1.0365521907806396,-0.7274264097213745,0.5360312461853027,-0.2801414132118225,0.013051914982497692
d1_w380,1,380,66936,67030,8,0.1784147322177887,0.47302350401878357,-0.22915048897266388,0.10597912967205048,-0.5915443897247314,0.027802351862192154
d1_w381,1,381,67002,67081,8,-0.4845844805240631,0.5887347459793091,-0.33152681589126587,0.5071498155593872,-0.1959291398525238,-0.03958369418978691
d1_w382,1,382,67037,67136,8,-0.08708798885345459,0.6756892800331116,-0.25873398780822754,0.04471176117658615,0.012285219505429268,-0.29132819175720215
d1_w383,1,383,67082,67172,8,0.18246662616729736,0.5440576672554016,-0.2589452564716339,-0.11447423696517944,-0.24730663001537323,-0.05416206642985344
d1_w384,1,384,67141,67230,8,-0.32202374935150146,0.5321024060249329,-0.42041105031967163,0.39670300483703613,-0.2997766137123108,0.17966970801353455
d1_w385,1,385,67173,67277,8,-0.37908869981765747,0.6315767168998718,-0.29350191354751587,0.4372960031032562,-0.19123978912830353,-0.14186272025108337
d1_w386,1,386,67231,67347,8,0.16397187113761902,0.3680635392665863,-0.4063209891319275,0.1172948032617569,-0.38490936160087585,0.12423834949731827
d1_w387,1,387,67278,67393,8,-0.11142520606517792,0.3420580327510834,-0.40782374143600464,0.6028413772583008,-0.30990734696388245,-0.1357392519712448
d1_w388,1,388,67350,68609,8,-0.5892000198364258,0.8912132978439331,-0.8243244886398315,0.7167853713035583,-0.24792015552520752,0.1841837614774704
d1_w389,1,389,67398,68671,8,-0.06351892650127411,0.396017462015152,-0.4886462092399597,0.19250427186489105,-0.08892876654863358,0.10572411864995956
d1_w390,1,390,68609,68767,8,0.6971670389175415,0.3958960175514221,-1.0410624742507935,-0.34475308656692505,0.38715678453445435,0.05910320207476616
d1_w391,1,391,68676,68880,8,-0.6153185963630676,1.2042251825332642,-0.8394073247909546,1.0674490928649902,-0.3184308409690857,-0.38162070512771606
d1_w392,1,392,68767,68931,8,-0.011733109131455421,0.9204370379447937,-0.875113844871521,0.4708248972892761,-0.39273780584335327,-0.07803668081760406
d1_w393,1,393,68880,68964,8,0.0067983269691467285,0.6713239550590515,-0.6934356093406677,0.4579358696937561,-0.46977853775024414,0.029299521818757057
d1_w394,1,394,68931,69018,8,-0.16361744701862335,0.8388864398002625,-0.5852649211883545,0.15547983348369598,-0.09730778634548187,-0.020388495177030563
d1_w395,1,395,68964,69126,8,-0.45001116394996643,0.8436075448989868,-0.5004810094833374,0.16447487473487854,-0.12718626856803894,0.18097977340221405
d1_w396,1,396,69018,69237,8,-0.5358955264091492,0.7757596373558044,-0.6449049115180969,0.31413114070892334,-0.09469558298587799,0.3314053416252136
d1_w397,1,397,69126,69470,8,0.16669733822345734,0.5199214220046997,-0.41454535722732544,-0.00995558500289917,-0.22125890851020813,-0.01851705275475979
d1_w398,1,398,69237,69567,8,-0.34166818857192993,0.6941148042678833,-0.18257738649845123,-0.009820413775742054,-0.11613716930150986,0.051493991166353226
d1_w399,1,399,69470,69631,8,0.7122536897659302,0.21030361950397491,-0.9389632940292358,-0.4459936022758484,0.43388843536376953,0.17354826629161835
d1_w400,1,400,69567,69730,8,-0.1433619260787964,0.2962375581264496,-0.19051329791545868,0.26989057660102844,-0.044678717851638794,-0.1575181484222412
d1_w401,1,401,69630,69673,8,-0.22371944785118103,0.5063992142677307,-0.10701832920312881,0.10522027313709259,0.16470786929130554,-0.3674284815788269
d1_w402,1,402,69641,69717,8,0.6726690530776978,0.3745225965976715,-1.0011498928070068,-0.3676445782184601,0.34524428844451904,0.12088412046432495
d1_w403,1,403,69675,69745,8,-0.015710318461060524,0.7217314839363098,-0.2772354483604431,-0.042823076248168945,0.15213508903980255,-0.43133544921875
d1_w404,1,404,69704,69763,8,0.07394203543663025,0.13996434211730957,0.017090778797864914,-0.251389741897583,0.007210512645542622,0.053975909948349
d1_w405,1,405,69730,69772,8,0.28197455406188965,0.38867753744125366,-0.4520719051361084,-0.2825717329978943,0.2019459307193756,-0.03381709009408951
d1_w406,1,406,69745,69799,8,0.13605907559394836,0.515387773513794,-0.4697646200656891,-0.19232502579689026,0.11462142318487167,0.00451008090749383
d1_w407,1,407,69772,69832,8,-0.007530945353209972,0.6828635931015015,-0.4833461344242096,-0.028757885098457336,-0.03479606658220291,-0.04067384451627731
d1_w408,1,408,69802,69844,8,-0.7847781777381897,1.120149850845337,-0.7119460701942444,0.8476637005805969,-0.407111257314682,0.046324826776981354
d1_w409,1,409,69833,69867,8,-0.08118872344493866,0.6692932844161987,-0.34363633394241333,0.1429862082004547,-0.014681080356240273,-0.3047384023666382
d1_w410,1,410,69845,69911,8,-0.2000749111175537,0.12266163527965546,-0.25930097699165344,-0.05045713111758232,0.14673641324043274,0.31882017850875854
d1_w411,1,411,69868,69965,8,0.3921584486961365,0.8860607147216797,-0.6066555976867676,-0.1737712323665619,-0.15540559589862823,-0.2690028250217438
d1_w412,1,412,69918,69982,8,-0.4825951159000397,0.9909642934799194,-0.8397471308708191,0.8455026745796204,-0.4365170896053314,0.012272154912352562
d1_w413,1,413,69944,69990,8,-0.36329546570777893,1.0646107196807861,-0.38208073377609253,0.5041773915290833,-0.17441612482070923,-0.5555309057235718
d1_w414,1,414,69973,70013,8,-0.22413775324821472,-0.2089998722076416,0.21752195060253143,0.08673994243144989,-0.013883644714951515,0.11870284378528595
d1_w415,1,415,69994,70034,8,0.5773878693580627,0.3674279749393463,-0.9592435956001282,-0.35282909870147705,0.4355945587158203,0.09323068708181381
d1_w416,1,416,70016,70052,8,-0.43665629625320435,1.3227622509002686,-0.5729420781135559,0.35469719767570496,-0.2145204246044159,-0.3340783417224884
d1_w417,1,417,70036,70089,8,0.18111976981163025,0.17526617646217346,-0.23778864741325378,-0.3544349670410156,0.09178908914327621,0.17113667726516724
d1_w418,1,418,70052,70198,8,-0.08611966669559479,0.4579375386238098,-0.38959458470344543,-0.010474043898284435,-0.031386226415634155,0.12786319851875305
d1_w419,1,419,70090,70139,8,0.014636671170592308,0.6291355490684509,-0.33313512802124023,-0.08265514671802521,-0.024333840236067772,-0.1272590458393097
d1_w420,1,420,70102,70191,8,-0.30771923065185547,-0.012848228216171265,-0.1666894406080246,0.13861143589019775,0.13295835256576538,0.2282642126083374
d1_w421,1,421,70139,70270,8,0.6054514646530151,0.31741616129875183,-0.885900616645813,-0.38753941655158997,0.43623384833335876,0.0634460300207138
d1_w422,1,422,70192,70294,8,-0.26683980226516724,0.7110818028450012,-0.472708523273468,0.42083024978637695,-0.17199678719043732,-0.1682644635438919
d1_w423,1,423,70263,70350,8,0.03084603324532509,0.8265774846076965,-0.6204103827476501,0.22163033485412598,-0.19155780971050262,-0.19691702723503113
d1_w424,1,424,70299,70458,8,-0.38938242197036743,0.9189241528511047,-0.7433827519416809,0.5753710865974426,-0.2128031700849533,-0.025505447760224342
d1_w425,1,425,70351,70575,8,0.013318508863449097,0.6570892930030823,-0.4411848485469818,-0.05948594957590103,-0.032534629106521606,-0.056305013597011566
d1_w426,1,426,70486,70636,8,0.8304588198661804,0.2817941904067993,-1.0247505903244019,-0.4134037494659424,0.3245198428630829,0.13227419555187225
d1_w427,1,427,70599,70657,8,-0.2494482547044754,0.8995805978775024,-0.6764024496078491,0.3522473871707916,-0.38194209337234497,0.15277907252311707
d1_w428,1,428,70636,71346,8,-0.2495732307434082,0.6906275749206543,-0.18778850138187408,0.33920013904571533,-0.2717800736427307,-0.2851017117500305
d1_w429,1,429,70657,71375,8,0.3238459527492523,0.17589536309242249,-0.46461743116378784,-0.2079150229692459,0.35579952597618103,-0.07852228730916977
d1_w430,1,430,71346,71453,8,-0.10466370731592178,0.26889076828956604,-0.49080124497413635,0.21224994957447052,0.1947321593761444,-0.0052709938026964664
d1_w431,1,431,71375,71518,8,-0.200426384806633,0.7530602812767029,-0.5182600021362305,0.0170279573649168,-0.01317699532955885,0.057774435728788376
d1_w432,1,432,71457,71575,8,-0.11470892280340195,0.026365652680397034,-0.12790970504283905,0.07571457326412201,0.0380052775144577,0.0786784216761589
d1_w433,1,433,71519,71626,8,0.139617919921875,1.3962180614471436,-0.47201523184776306,-0.25188714265823364,-0.07345835864543915,-0.5951608419418335
d1_w434,1,434,71575,71672,8,0.6261413097381592,0.47767385840415955,-1.0599111318588257,-0.35477957129478455,0.41170376539230347,0.06413047760725021
d1_w435,1,435,71627,71726,8,-0.004347729496657848,0.7405084371566772,-0.7900136113166809,0.0017453015316277742,-0.3060075044631958,0.413696825504303
d1_w436,1,436,71672,71766,8,-0.1858733892440796,0.35716933012008667,-0.2916937470436096,0.29339414834976196,-0.29825860261917114,0.11841452121734619
d1_w437,1,437,71726,71824,8,-0.6918278336524963,0.8973787426948547,-0.8303717374801636,1.26798415184021,-0.6890292167663574,0.057498086243867874
d1_w438,1,438,71771,71878,8,-0.6544552445411682,1.1406238079071045,-0.7424691319465637,0.5660997033119202,-0.12437031418085098,-0.038411129266023636
d1_w439,1,439,71825,71910,8,-0.3560669422149658,0.8090968132019043,-0.3925623297691345,0.14650709927082062,0.23163557052612305,-0.29942959547042847
d1_w440,1,440,71882,71989,8,-0.0934973731637001,0.4164382517337799,-0.27476534247398376,-0.014341992326080799,-0.06006477400660515,0.06172323226928711
d1_w441,1,441,71915,72032,8,-0.43440717458724976,0.7852949500083923,-0.44652342796325684,0.27341940999031067,-0.45723024010658264,0.3518706262111664
d1_w442,1,442,71991,72094,8,-0.22039398550987244,0.31795281171798706,-0.1731678992509842,0.12045170366764069,0.07650668919086456,-0.05855260044336319
d1_w443,1,443,72032,72188,8,0.5959566831588745,0.40474510192871094,-0.9461700320243835,-0.31085947155952454,0.34320616722106934,0.055269163101911545
d1_w444,1,444,72094,72225,8,-0.6907986402511597,0.89240562915802,-0.7743222713470459,0.7678263187408447,-0.21079149842262268,0.12085247039794922
d1_w445,1,445,72189,72257,8,-0.13762179017066956,0.2979980409145355,-0.1610877513885498,-0.1069987565279007,0.16197694838047028,-0.0015499771106988192
d1_w446,1,446,72222,72301,8,-0.6922281384468079,0.5965739488601685,-0.4281722605228424,0.5567282438278198,-0.06690001487731934,0.13970226049423218
d1_w447,1,447,72262,72334,8,-0.408109188079834,0.32702523469924927,-0.4116378426551819,0.4633377492427826,0.031207894906401634,0.04897114261984825
d1_w448,1,448,72300,72370,8,-0.22959935665130615,0.13071036338806152,-0.02648068033158779,0.04902114346623421,0.3075653612613678,-0.15052828192710876
d1_w449,1,449,72337,72447,8,-0.5180753469467163,0.16164487600326538,0.015919748693704605,0.25998714566230774,0.010960245504975319,0.10616521537303925
d1_w450,1,450,72383,72515,8,-0.06947523355484009,0.8091521263122559,-0.5533975958824158,0.07664747536182404,-0.1971297711133957,0.03631726652383804
d1_w451,1,451,72459,72545,8,-0.31270474195480347,0.26593247056007385,0.0497356578707695,-0.10056493431329727,0.18948636949062347,-0.029544448480010033
d1_w452,1,452,72512,72610,8,0.1618787944316864,0.5738564729690552,-0.2867840826511383,-0.2469945251941681,0.01059809047728777,-0.1518862545490265
d1_w453,1,453,72552,72660,8,0.6229215860366821,0.3957020938396454,-0.9748943448066711,-0.3774316608905792,0.4416169226169586,0.05489660054445267
d1_w454,1,454,72611,72739,8,-0.12237517535686493,0.6849153637886047,-0.6356494426727295,0.18963094055652618,-0.23544757068157196,0.20053935050964355
d1_w455,1,455,72661,72793,8,-0.31207820773124695,0.8296293020248413,-0.4866201877593994,0.1245059221982956,-0.07160227000713348,0.016041195020079613
d1_w456,1,456,72739,72888,8,0.7865571975708008,0.22518090903759003,-1.0007970333099365,-0.4527033865451813,0.46264511346817017,0.13294832408428192
d1_w457,1,457,72793,72950,8,-0.41592007875442505,0.7109056711196899,-0.45310258865356445,0.42062774300575256,-0.3413761556148529,0.1258905827999115
d1_w458,1,458,72890,73086,8,-0.3477347493171692,1.0480339527130127,-0.7020717859268188,0.5715149641036987,-0.20928511023521423,-0.26008689403533936
d1_w459,1,459,73012,73152,8,0.2917976677417755,0.6916389465332031,-0.6268206834793091,0.08692636340856552,-0.4118296205997467,-0.019365226849913597
d1_w460,1,460,73086,73181,8,0.02897379919886589,0.5282970666885376,-0.3131791949272156,-0.0336710624396801,-0.04886706918478012,-0.12378700077533722
d1_w461,1,461,73150,73208,8,-0.3709113895893097,0.953060507774353,-0.511145293712616,0.10354296118021011,-0.2842702865600586,0.256933331489563
d1_w462,1,462,73183,73241,8,-0.803408145904541,0.7804520130157471,-0.36160534620285034,0.7879137992858887,-0.485013484954834,0.12860217690467834
d1_w463,1,463,73213,76740,8,-0.3332796096801758,0.6783314943313599,-0.24632100760936737,0.031801093369722366,0.11705074459314346,-0.14031004905700684
d1_w464,1,464,73242,76806,8,-0.6284838914871216,0.7663784027099609,-0.6566342711448669,0.7044788599014282,-0.44668716192245483,0.352456659078598
d1_w465,1,465,76741,76855,8,0.09220325946807861,0.32452577352523804,-0.23144468665122986,-0.10868506133556366,0.017522748559713364,-0.03979669138789177
d1_w466,1,466,76807,76896,8,-0.6360109448432922,0.3222474157810211,-0.08000214397907257,0.14472892880439758,0.23185476660728455,0.15594013035297394
d1_w467,1,467,76857,76939,8,-0.11229034513235092,0.11098974943161011,-0.040321968495845795,0.032193660736083984,0.0582161545753479,-0.00927060842514038
d1_w468,1,468,76908,76984,8,-0.1745975911617279,0.9856486320495605,-0.34075647592544556,-0.2237401008605957,0.33582526445388794,-0.36955875158309937
d1_w469,1,469,76941,77037,8,-0.3107967972755432,0.9090800285339355,-0.40052634477615356,0.21592168509960175,-0.12422122806310654,-0.19177031517028809
d1_w470,1,470,76985,77048,8,0.2696951627731323,1.22251296043396,-0.835196852684021,-0.04420680180191994,-0.1773153841495514,-0.32666221261024475
d1_w471,1,471,77026,77088,8,0.6628257036209106,0.3206551969051361,-0.9545555114746094,-0.37321048974990845,0.3594786524772644,0.12043273448944092
d1_w472,1,472,77045,77117,8,0.568598210811615,0.3585374355316162,-0.8914722204208374,-0.36589813232421875,0.3370417058467865,0.13415424525737762
d1_w473,1,473,77096,77144,8,-0.03620277717709541,0.5995848774909973,-0.44141849875450134,0.010337522253394127,-0.014080217108130455,-0.04449989274144173
d1_w474,1,474,77118,77169,8,-0.13568799197673798,0.2500142753124237,-0.08877847343683243,-0.10672694444656372,0.28355714678764343,-0.10894761234521866
d1_w475,1,475,77147,77190,8,-0.16391053795814514,0.7675137519836426,-0.2815210223197937,-0.11202599853277206,0.2178303748369217,-0.28087735176086426
d1_w476,1,476,77169,77210,8,0.23572435975074768,1.3110589981079102,-1.0547314882278442,0.17908865213394165,-0.48637890815734863,-0.12974973022937775
d1_w477,1,477,77189,77239,8,-0.48872074484825134,0.8872286081314087,-0.2596050798892975,0.1152481809258461,0.21839861571788788,-0.31306809186935425
d1_w478,1,478,77214,77282,8,-0.18581824004650116,0.4396779537200928,-0.262427419424057,0.10917264223098755,0.2864047884941101,-0.29805928468704224
d1_w479,1,479,77247,77310,8,-0.4775520861148834,0.6870135068893433,-0.30645424127578735,0.2185865193605423,-0.06106485053896904,0.028706258162856102
d1_w480,1,480,77282,77392,8,-0.09321098029613495,0.36614030599594116,-0.2605322003364563,0.07625362277030945,0.010989153757691383,-0.05850283056497574
d1_w481,1,481,77313,77557,8,-0.5151625871658325,0.8781115412712097,-0.6027662754058838,0.6302033066749573,-0.2273799628019333,-0.06803461164236069
d1_w482,1,482,77396,77647,8,-0.07378704845905304,0.2194020301103592,-0.17316202819347382,-0.05337546020746231,-0.1158098354935646,0.23689189553260803
d1_w483,1,483,77558,77695,8,-0.42542800307273865,0.7498930096626282,-0.3800543248653412,0.12483765929937363,-0.22805416584014893,0.22868838906288147
d1_w484,1,484,77657,77717,8,0.05062403529882431,0.2551630139350891,-0.29993635416030884,0.03976370394229889,-0.1059466227889061,0.1103411316871643
d1_w485,1,485,77694,77758,8,-0.268921434879303,1.0057090520858765,-0.7622570991516113,0.506017804145813,-0.28113383054733276,-0.10846824944019318
d1_w486,1,486,77731,77911,8,-0.4476321339607239,0.8829089403152466,-0.4036872982978821,0.13749399781227112,0.17807000875473022,-0.16761276125907898
d1_w487,1,487,77766,78012,8,0.8776918649673462,0.2227824479341507,-1.047136902809143,-0.45590075850486755,0.45306453108787537,0.09220731258392334
d1_w488,1,488,77912,78105,8,0.7333608865737915,0.2887420058250427,-1.0208418369293213,-0.3713659644126892,0.4820353388786316,0.03640780597925186
d1_w489,1,489,78017,78164,8,-0.17810535430908203,1.2323232889175415,-0.9790295362472534,0.6735827326774597,-0.45542341470718384,-0.21816496551036835
d1_w490,1,490,78106,78229,8,-0.3605820834636688,0.9688726663589478,-0.7785729169845581,0.5350046157836914,-0.4251866340637207,0.16549816727638245
d1_w491,1,491,78167,78454,8,-0.22605690360069275,0.8168473243713379,-0.5012558102607727,0.28503507375717163,-0.10861392319202423,-0.16807770729064941
d1_w492,1,492,78261,78493,8,-0.30124861001968384,0.6971397399902344,-0.30313414335250854,0.24358871579170227,-0.12476853281259537,-0.09192599356174469
d1_w493,1,493,78454,78747,8,0.21159467101097107,-0.04949698597192764,-0.012062940746545792,-0.20443987846374512,0.14368896186351776,-0.1042550653219223
d1_w494,1,494,78500,78812,8,0.18985214829444885,0.4856342375278473,-0.3074018955230713,-0.2647235691547394,0.22230371832847595,-0.22410066425800323
d1_w495,1,495,78748,78953,8,-0.22989384829998016,0.8224750757217407,-0.32034873962402344,0.4034389853477478,-0.3331570029258728,-0.30371224880218506
d1_w496,1,496,78816,79026,8,-0.1047523021697998,0.8868406414985657,-0.7118827104568481,0.14186963438987732,-0.100072480738163,-0.02170884609222412
d1_w497,1,497,78967,79197,8,0.16687801480293274,0.9793846011161804,-0.7894649505615234,0.10274545103311539,-0.27720117568969727,-0.10175693035125732
d1_w498,1,498,79026,79258,8,0.0041932640597224236,0.6945830583572388,-0.4178939461708069,-0.10022351890802383,-0.02838650718331337,-0.06831340491771698
d1_w499,1,499,79200,79323,8,0.8864296674728394,0.16750438511371613,-1.0257058143615723,-0.4637392461299896,0.47955912351608276,0.10615821182727814
